,predicted_price,current_price,price_delta,pct_change,action
0,450.4,450,0.4,0.09,increase
1,450.4,450,0.4,0.09,increase
2,458.97,460,-1.03,-0.22,decrease
3,464.83,465,-0.17,-0.04,decrease
4,365.5,365,0.5,0.14,increase
5,365.5,365,0.5,0.14,increase
6,369.33,370,-0.67,-0.18,decrease
7,361.87,360,1.87,0.52,increase
8,369.33,370,-0.67,-0.18,decrease
9,304.97,305,-0.03,-0.01,decrease
10,304.97,305,-0.03,-0.01,decrease
11,308.4,310,-1.6,-0.52,decrease
12,301.6,300,1.6,0.53,increase
13,555.1,555,0.1,0.02,increase
14,450.53,450,0.53,0.12,increase
15,450.53,450,0.53,0.12,increase
16,459.53,460,-0.47,-0.1,decrease
17,463.87,465,-1.13,-0.24,decrease
18,364.87,365,-0.13,-0.04,decrease
19,364.87,365,-0.13,-0.04,decrease
20,369.53,370,-0.47,-0.13,decrease
21,360.87,360,0.87,0.24,increase
22,369.53,370,-0.47,-0.13,decrease
23,304.17,305,-0.83,-0.27,decrease
24,304.17,305,-0.83,-0.27,decrease
25,309.43,310,-0.57,-0.18,decrease
26,300.83,300,0.83,0.28,increase
27,555.9,555,0.9,0.16,increase
28,452.67,450,2.67,0.59,increase
29,452.67,450,2.67,0.59,increase
30,459.27,460,-0.73,-0.16,decrease
31,461.13,465,-3.87,-0.83,decrease
32,364.43,365,-0.57,-0.16,decrease
33,364.43,365,-0.57,-0.16,decrease
34,369.83,370,-0.17,-0.05,decrease
35,361.53,360,1.53,0.43,increase
36,369.83,370,-0.17,-0.05,decrease
37,304.8,305,-0.2,-0.07,decrease
38,304.8,305,-0.2,-0.07,decrease
39,310.0,310,0.0,0.0,hold
40,301.23,300,1.23,0.41,increase
41,558.57,555,3.57,0.64,increase
42,645.5,645,0.5,0.08,increase
43,645.5,645,0.5,0.08,increase
44,648.83,650,-1.17,-0.18,decrease
45,659.9,660,-0.1,-0.02,decrease
46,519.67,520,-0.33,-0.06,decrease
47,519.67,520,-0.33,-0.06,decrease
48,530.87,530,0.87,0.16,increase
49,505.17,515,-9.83,-1.91,decrease
50,530.87,530,0.87,0.16,increase
51,429.33,430,-0.67,-0.16,decrease
52,429.33,430,-0.67,-0.16,decrease
53,442.63,440,2.63,0.6,increase
54,425.23,425,0.23,0.05,increase
55,789.7,790,-0.3,-0.04,decrease
56,580.23,580,0.23,0.04,increase
57,580.23,580,0.23,0.04,increase
58,584.67,585,-0.33,-0.06,decrease
59,593.63,595,-1.37,-0.23,decrease
60,469.97,470,-0.03,-0.01,decrease
61,469.97,470,-0.03,-0.01,decrease
62,475.1,475,0.1,0.02,increase
63,466.83,465,1.83,0.39,increase
64,475.1,475,0.1,0.02,increase
65,390.23,390,0.23,0.06,increase
66,390.23,390,0.23,0.06,increase
67,393.6,395,-1.4,-0.35,decrease
68,380.73,380,0.73,0.19,increase
69,711.13,710,1.13,0.16,increase
70,465.07,465,0.07,0.01,increase
71,465.07,465,0.07,0.01,increase
72,470.03,470,0.03,0.01,increase
73,474.93,475,-0.07,-0.01,decrease
74,380.0,380,0.0,0.0,hold
75,380.0,380,0.0,0.0,hold
76,385.0,385,0.0,0.0,hold
77,374.97,375,-0.03,-0.01,decrease
78,385.0,385,0.0,0.0,hold
79,310.0,310,0.0,0.0,hold
80,310.0,310,0.0,0.0,hold
81,320.0,320,0.0,0.0,hold
82,305.0,305,0.0,0.0,hold
83,569.7,570,-0.3,-0.05,decrease
84,464.83,465,-0.17,-0.04,decrease
85,464.83,465,-0.17,-0.04,decrease
86,468.07,470,-1.93,-0.41,decrease
87,474.77,475,-0.23,-0.05,decrease
88,380.0,380,0.0,0.0,hold
89,380.0,380,0.0,0.0,hold
90,385.0,385,0.0,0.0,hold
91,374.93,375,-0.07,-0.02,decrease
92,385.0,385,0.0,0.0,hold
93,309.93,310,-0.07,-0.02,decrease
94,309.93,310,-0.07,-0.02,decrease
95,319.8,320,-0.2,-0.06,decrease
96,304.73,305,-0.27,-0.09,decrease
97,569.9,570,-0.1,-0.02,decrease
98,465.03,465,0.03,0.01,increase
99,465.03,465,0.03,0.01,increase
100,469.97,470,-0.03,-0.01,decrease
101,474.93,475,-0.07,-0.01,decrease
102,380.0,380,0.0,0.0,hold
103,380.0,380,0.0,0.0,hold
104,385.0,385,0.0,0.0,hold
105,374.97,375,-0.03,-0.01,decrease
106,385.0,385,0.0,0.0,hold
107,310.0,310,0.0,0.0,hold
108,310.0,310,0.0,0.0,hold
109,320.0,320,0.0,0.0,hold
110,305.0,305,0.0,0.0,hold
111,569.9,570,-0.1,-0.02,decrease
112,465.03,465,0.03,0.01,increase
113,465.03,465,0.03,0.01,increase
114,469.97,470,-0.03,-0.01,decrease
115,474.93,475,-0.07,-0.01,decrease
116,380.0,380,0.0,0.0,hold
117,380.0,380,0.0,0.0,hold
118,385.0,385,0.0,0.0,hold
119,374.97,375,-0.03,-0.01,decrease
120,385.0,385,0.0,0.0,hold
121,310.0,310,0.0,0.0,hold
122,310.0,310,0.0,0.0,hold
123,320.0,320,0.0,0.0,hold
124,305.0,305,0.0,0.0,hold
125,570.0,570,0.0,0.0,hold
126,464.93,465,-0.07,-0.01,decrease
127,464.93,465,-0.07,-0.01,decrease
128,468.07,470,-1.93,-0.41,decrease
129,474.73,475,-0.27,-0.06,decrease
130,380.0,380,0.0,0.0,hold
131,380.0,380,0.0,0.0,hold
132,385.0,385,0.0,0.0,hold
133,374.93,375,-0.07,-0.02,decrease
134,385.0,385,0.0,0.0,hold
135,309.93,310,-0.07,-0.02,decrease
136,309.93,310,-0.07,-0.02,decrease
137,319.8,320,-0.2,-0.06,decrease
138,304.73,305,-0.27,-0.09,decrease
139,570.0,570,0.0,0.0,hold
140,535.4,535,0.4,0.07,increase
141,535.4,535,0.4,0.07,increase
142,543.5,545,-1.5,-0.28,decrease
143,550.7,550,0.7,0.13,increase
144,434.5,435,-0.5,-0.11,decrease
145,434.5,435,-0.5,-0.11,decrease
146,438.93,440,-1.07,-0.24,decrease
147,431.1,430,1.1,0.26,increase
148,438.93,440,-1.07,-0.24,decrease
149,360.0,360,0.0,0.0,hold
150,360.0,360,0.0,0.0,hold
151,364.23,365,-0.77,-0.21,decrease
152,355.83,355,0.83,0.23,increase
153,652.23,655,-2.77,-0.42,decrease
154,582.03,580,2.03,0.35,increase
155,582.03,580,2.03,0.35,increase
156,589.0,585,4.0,0.68,increase
157,590.93,595,-4.07,-0.68,decrease
158,471.67,470,1.67,0.35,increase
159,471.67,470,1.67,0.35,increase
160,474.43,475,-0.57,-0.12,decrease
161,466.5,465,1.5,0.32,increase
162,474.43,475,-0.57,-0.12,decrease
163,390.67,390,0.67,0.17,increase
164,390.67,390,0.67,0.17,increase
165,393.1,395,-1.9,-0.48,decrease
166,381.27,380,1.27,0.33,increase
167,725.57,710,15.57,2.19,increase
168,465.0,465,0.0,0.0,hold
169,465.0,465,0.0,0.0,hold
170,469.93,470,-0.07,-0.01,decrease
171,474.87,475,-0.13,-0.03,decrease
172,380.0,380,0.0,0.0,hold
173,380.0,380,0.0,0.0,hold
174,385.0,385,0.0,0.0,hold
175,374.97,375,-0.03,-0.01,decrease
176,385.0,385,0.0,0.0,hold
177,310.0,310,0.0,0.0,hold
178,310.0,310,0.0,0.0,hold
179,320.0,320,0.0,0.0,hold
180,305.0,305,0.0,0.0,hold
181,570.0,570,0.0,0.0,hold
182,465.0,465,0.0,0.0,hold
183,465.0,465,0.0,0.0,hold
184,469.93,470,-0.07,-0.01,decrease
185,474.87,475,-0.13,-0.03,decrease
186,380.0,380,0.0,0.0,hold
187,380.0,380,0.0,0.0,hold
188,385.0,385,0.0,0.0,hold
189,374.97,375,-0.03,-0.01,decrease
190,385.0,385,0.0,0.0,hold
191,310.0,310,0.0,0.0,hold
192,310.0,310,0.0,0.0,hold
193,320.0,320,0.0,0.0,hold
194,305.0,305,0.0,0.0,hold
195,570.0,570,0.0,0.0,hold
196,464.97,465,-0.03,-0.01,decrease
197,464.97,465,-0.03,-0.01,decrease
198,469.67,470,-0.33,-0.07,decrease
199,474.73,475,-0.27,-0.06,decrease
200,380.0,380,0.0,0.0,hold
201,380.0,380,0.0,0.0,hold
202,385.0,385,0.0,0.0,hold
203,374.87,375,-0.13,-0.04,decrease
204,385.0,385,0.0,0.0,hold
205,310.0,310,0.0,0.0,hold
206,310.0,310,0.0,0.0,hold
207,319.93,320,-0.07,-0.02,decrease
208,305.0,305,0.0,0.0,hold
209,570.0,570,0.0,0.0,hold
210,550.27,550,0.27,0.05,increase
211,550.27,550,0.27,0.05,increase
212,555.67,555,0.67,0.12,increase
213,560.4,560,0.4,0.07,increase
214,445.17,445,0.17,0.04,increase
215,445.17,445,0.17,0.04,increase
216,450.77,450,0.77,0.17,increase
217,440.47,440,0.47,0.11,increase
218,450.77,450,0.77,0.17,increase
219,365.53,365,0.53,0.15,increase
220,365.53,365,0.53,0.15,increase
221,373.73,375,-1.27,-0.34,decrease
222,361.0,360,1.0,0.28,increase
223,678.73,670,8.73,1.3,increase
224,549.63,550,-0.37,-0.07,decrease
225,549.63,550,-0.37,-0.07,decrease
226,555.07,555,0.07,0.01,increase
227,560.23,560,0.23,0.04,increase
228,445.17,445,0.17,0.04,increase
229,445.17,445,0.17,0.04,increase
230,450.93,450,0.93,0.21,increase
231,441.33,440,1.33,0.3,increase
232,450.93,450,0.93,0.21,increase
233,366.3,365,1.3,0.36,increase
234,366.3,365,1.3,0.36,increase
235,374.1,375,-0.9,-0.24,decrease
236,356.1,360,-3.9,-1.08,decrease
237,677.93,670,7.93,1.18,increase
238,645.4,645,0.4,0.06,increase
239,645.4,645,0.4,0.06,increase
240,648.73,650,-1.27,-0.19,decrease
241,659.7,660,-0.3,-0.05,decrease
242,519.67,520,-0.33,-0.06,decrease
243,519.67,520,-0.33,-0.06,decrease
244,531.07,530,1.07,0.2,increase
245,505.47,515,-9.53,-1.85,decrease
246,531.07,530,1.07,0.2,increase
247,428.83,430,-1.17,-0.27,decrease
248,428.83,430,-1.17,-0.27,decrease
249,443.4,440,3.4,0.77,increase
250,424.67,425,-0.33,-0.08,decrease
251,789.53,790,-0.47,-0.06,decrease
252,724.4,725,-0.6,-0.08,decrease
253,724.4,725,-0.6,-0.08,decrease
254,735.8,735,0.8,0.11,increase
255,736.23,740,-3.77,-0.51,decrease
256,586.07,585,1.07,0.18,increase
257,586.07,585,1.07,0.18,increase
258,597.0,595,2.0,0.34,increase
259,584.8,580,4.8,0.83,increase
260,597.0,595,2.0,0.34,increase
261,486.53,485,1.53,0.32,increase
262,486.53,485,1.53,0.32,increase
263,497.4,495,2.4,0.48,increase
264,478.9,475,3.9,0.82,increase
265,911.6,885,26.6,3.01,increase
266,629.4,630,-0.6,-0.1,decrease
267,629.4,630,-0.6,-0.1,decrease
268,635.5,635,0.5,0.08,increase
269,646.73,645,1.73,0.27,increase
270,510.13,510,0.13,0.03,increase
271,510.13,510,0.13,0.03,increase
272,520.1,520,0.1,0.02,increase
273,505.57,505,0.57,0.11,increase
274,520.1,520,0.1,0.02,increase
275,420.17,420,0.17,0.04,increase
276,420.17,420,0.17,0.04,increase
277,429.9,430,-0.1,-0.02,decrease
278,415.83,415,0.83,0.2,increase
279,770.93,770,0.93,0.12,increase
280,630.17,630,0.17,0.03,increase
281,630.17,630,0.17,0.03,increase
282,635.8,635,0.8,0.13,increase
283,645.8,645,0.8,0.12,increase
284,509.73,510,-0.27,-0.05,decrease
285,509.73,510,-0.27,-0.05,decrease
286,520.23,520,0.23,0.04,increase
287,505.9,505,0.9,0.18,increase
288,520.23,520,0.23,0.04,increase
289,420.43,420,0.43,0.1,increase
290,420.43,420,0.43,0.1,increase
291,429.63,430,-0.37,-0.09,decrease
292,416.27,415,1.27,0.31,increase
293,770.93,770,0.93,0.12,increase
294,626.4,630,-3.6,-0.57,decrease
295,626.4,630,-3.6,-0.57,decrease
296,632.3,635,-2.7,-0.43,decrease
297,639.57,645,-5.43,-0.84,decrease
298,510.03,510,0.03,0.01,increase
299,510.03,510,0.03,0.01,increase
300,517.57,520,-2.43,-0.47,decrease
301,505.9,505,0.9,0.18,increase
302,517.57,520,-2.43,-0.47,decrease
303,421.43,420,1.43,0.34,increase
304,421.43,420,1.43,0.34,increase
305,430.17,430,0.17,0.04,increase
306,417.47,415,2.47,0.59,increase
307,769.67,770,-0.33,-0.04,decrease
308,464.97,465,-0.03,-0.01,decrease
309,464.97,465,-0.03,-0.01,decrease
310,469.9,470,-0.1,-0.02,decrease
311,474.77,475,-0.23,-0.05,decrease
312,380.0,380,0.0,0.0,hold
313,380.0,380,0.0,0.0,hold
314,385.0,385,0.0,0.0,hold
315,374.97,375,-0.03,-0.01,decrease
316,385.0,385,0.0,0.0,hold
317,309.93,310,-0.07,-0.02,decrease
318,309.93,310,-0.07,-0.02,decrease
319,320.0,320,0.0,0.0,hold
320,305.0,305,0.0,0.0,hold
321,570.03,570,0.03,0.01,increase
322,464.9,465,-0.1,-0.02,decrease
323,464.9,465,-0.1,-0.02,decrease
324,469.63,470,-0.37,-0.08,decrease
325,474.67,475,-0.33,-0.07,decrease
326,380.0,380,0.0,0.0,hold
327,380.0,380,0.0,0.0,hold
328,385.0,385,0.0,0.0,hold
329,374.87,375,-0.13,-0.04,decrease
330,385.0,385,0.0,0.0,hold
331,309.93,310,-0.07,-0.02,decrease
332,309.93,310,-0.07,-0.02,decrease
333,319.93,320,-0.07,-0.02,decrease
334,305.0,305,0.0,0.0,hold
335,570.0,570,0.0,0.0,hold
336,535.23,535,0.23,0.04,increase
337,535.23,535,0.23,0.04,increase
338,543.07,545,-1.93,-0.35,decrease
339,550.63,550,0.63,0.12,increase
340,434.2,435,-0.8,-0.18,decrease
341,434.2,435,-0.8,-0.18,decrease
342,438.83,440,-1.17,-0.27,decrease
343,430.7,430,0.7,0.16,increase
344,438.83,440,-1.17,-0.27,decrease
345,359.67,360,-0.33,-0.09,decrease
346,359.67,360,-0.33,-0.09,decrease
347,363.93,365,-1.07,-0.29,decrease
348,355.43,355,0.43,0.12,increase
349,651.97,655,-3.03,-0.46,decrease
350,580.97,580,0.97,0.17,increase
351,580.97,580,0.97,0.17,increase
352,585.0,585,0.0,0.0,hold
353,593.73,595,-1.27,-0.21,decrease
354,469.77,470,-0.23,-0.05,decrease
355,469.77,470,-0.23,-0.05,decrease
356,474.37,475,-0.63,-0.13,decrease
357,466.27,465,1.27,0.27,increase
358,474.37,475,-0.63,-0.13,decrease
359,389.53,390,-0.47,-0.12,decrease
360,389.53,390,-0.47,-0.12,decrease
361,392.13,395,-2.87,-0.73,decrease
362,380.8,380,0.8,0.21,increase
363,710.73,710,0.73,0.1,increase
364,464.37,465,-0.63,-0.14,decrease
365,464.37,465,-0.63,-0.14,decrease
366,469.43,470,-0.57,-0.12,decrease
367,476.33,475,1.33,0.28,increase
368,379.83,380,-0.17,-0.04,decrease
369,379.83,380,-0.17,-0.04,decrease
370,384.77,385,-0.23,-0.06,decrease
371,373.53,375,-1.47,-0.39,decrease
372,384.77,385,-0.23,-0.06,decrease
373,309.07,310,-0.93,-0.3,decrease
374,309.07,310,-0.93,-0.3,decrease
375,319.47,320,-0.53,-0.17,decrease
376,303.77,305,-1.23,-0.4,decrease
377,565.07,570,-4.93,-0.87,decrease
378,455.03,455,0.03,0.01,increase
379,455.03,455,0.03,0.01,increase
380,460.3,460,0.3,0.07,increase
381,465.33,465,0.33,0.07,increase
382,370.0,370,0.0,0.0,hold
383,370.0,370,0.0,0.0,hold
384,375.13,375,0.13,0.04,increase
385,365.07,365,0.07,0.02,increase
386,375.13,375,0.13,0.04,increase
387,305.03,305,0.03,0.01,increase
388,305.03,305,0.03,0.01,increase
389,310.67,310,0.67,0.22,increase
390,300.23,300,0.23,0.08,increase
391,555.0,555,0.0,0.0,hold
392,455.07,455,0.07,0.01,increase
393,455.07,455,0.07,0.01,increase
394,460.2,460,0.2,0.04,increase
395,465.1,465,0.1,0.02,increase
396,370.0,370,0.0,0.0,hold
397,370.0,370,0.0,0.0,hold
398,375.0,375,0.0,0.0,hold
399,365.1,365,0.1,0.03,increase
400,375.0,375,0.0,0.0,hold
401,305.03,305,0.03,0.01,increase
402,305.03,305,0.03,0.01,increase
403,310.07,310,0.07,0.02,increase
404,300.17,300,0.17,0.06,increase
405,555.0,555,0.0,0.0,hold
406,455.03,455,0.03,0.01,increase
407,455.03,455,0.03,0.01,increase
408,460.07,460,0.07,0.01,increase
409,464.93,465,-0.07,-0.01,decrease
410,370.0,370,0.0,0.0,hold
411,370.0,370,0.0,0.0,hold
412,375.0,375,0.0,0.0,hold
413,365.07,365,0.07,0.02,increase
414,375.0,375,0.0,0.0,hold
415,305.0,305,0.0,0.0,hold
416,305.0,305,0.0,0.0,hold
417,310.07,310,0.07,0.02,increase
418,300.07,300,0.07,0.02,increase
419,555.0,555,0.0,0.0,hold
420,455.37,455,0.37,0.08,increase
421,455.37,455,0.37,0.08,increase
422,460.37,460,0.37,0.08,increase
423,465.27,465,0.27,0.06,increase
424,370.0,370,0.0,0.0,hold
425,370.0,370,0.0,0.0,hold
426,375.0,375,0.0,0.0,hold
427,365.07,365,0.07,0.02,increase
428,375.0,375,0.0,0.0,hold
429,305.0,305,0.0,0.0,hold
430,305.0,305,0.0,0.0,hold
431,310.0,310,0.0,0.0,hold
432,300.03,300,0.03,0.01,increase
433,555.0,555,0.0,0.0,hold
434,629.87,625,4.87,0.78,increase
435,629.87,625,4.87,0.78,increase
436,636.0,635,1.0,0.16,increase
437,640.0,640,0.0,0.0,hold
438,512.7,510,2.7,0.53,increase
439,512.7,510,2.7,0.53,increase
440,515.1,515,0.1,0.02,increase
441,489.57,500,-10.43,-2.09,decrease
442,515.1,515,0.1,0.02,increase
443,419.3,420,-0.7,-0.17,decrease
444,419.3,420,-0.7,-0.17,decrease
445,427.97,425,2.97,0.7,increase
446,412.1,410,2.1,0.51,increase
447,777.6,765,12.6,1.65,increase
448,565.0,565,0.0,0.0,hold
449,565.0,565,0.0,0.0,hold
450,569.63,570,-0.37,-0.06,decrease
451,572.63,575,-2.37,-0.41,decrease
452,456.37,455,1.37,0.3,increase
453,456.37,455,1.37,0.3,increase
454,464.23,465,-0.77,-0.16,decrease
455,450.7,450,0.7,0.16,increase
456,464.23,465,-0.77,-0.16,decrease
457,374.8,375,-0.2,-0.05,decrease
458,374.8,375,-0.2,-0.05,decrease
459,384.0,385,-1.0,-0.26,decrease
460,370.57,370,0.57,0.15,increase
461,689.57,690,-0.43,-0.06,decrease
462,455.0,455,0.0,0.0,hold
463,455.0,455,0.0,0.0,hold
464,459.9,460,-0.1,-0.02,decrease
465,464.97,465,-0.03,-0.01,decrease
466,370.0,370,0.0,0.0,hold
467,370.0,370,0.0,0.0,hold
468,375.0,375,0.0,0.0,hold
469,365.07,365,0.07,0.02,increase
470,375.0,375,0.0,0.0,hold
471,305.0,305,0.0,0.0,hold
472,305.0,305,0.0,0.0,hold
473,310.0,310,0.0,0.0,hold
474,300.03,300,0.03,0.01,increase
475,555.0,555,0.0,0.0,hold
476,455.0,455,0.0,0.0,hold
477,455.0,455,0.0,0.0,hold
478,459.87,460,-0.13,-0.03,decrease
479,464.93,465,-0.07,-0.01,decrease
480,370.0,370,0.0,0.0,hold
481,370.0,370,0.0,0.0,hold
482,375.0,375,0.0,0.0,hold
483,365.03,365,0.03,0.01,increase
484,375.0,375,0.0,0.0,hold
485,305.0,305,0.0,0.0,hold
486,305.0,305,0.0,0.0,hold
487,310.0,310,0.0,0.0,hold
488,300.03,300,0.03,0.01,increase
489,555.0,555,0.0,0.0,hold
490,455.27,455,0.27,0.06,increase
491,455.27,455,0.27,0.06,increase
492,460.53,460,0.53,0.12,increase
493,469.03,465,4.03,0.87,increase
494,370.57,370,0.57,0.15,increase
495,370.57,370,0.57,0.15,increase
496,374.97,375,-0.03,-0.01,decrease
497,365.67,365,0.67,0.18,increase
498,374.97,375,-0.03,-0.01,decrease
499,305.1,305,0.1,0.03,increase
500,305.1,305,0.1,0.03,increase
501,310.6,310,0.6,0.19,increase
502,300.43,300,0.43,0.14,increase
503,555.0,555,0.0,0.0,hold
504,455.0,455,0.0,0.0,hold
505,455.0,455,0.0,0.0,hold
506,460.1,460,0.1,0.02,increase
507,465.0,465,0.0,0.0,hold
508,370.0,370,0.0,0.0,hold
509,370.0,370,0.0,0.0,hold
510,375.0,375,0.0,0.0,hold
511,365.07,365,0.07,0.02,increase
512,375.0,375,0.0,0.0,hold
513,305.0,305,0.0,0.0,hold
514,305.0,305,0.0,0.0,hold
515,310.0,310,0.0,0.0,hold
516,300.0,300,0.0,0.0,hold
517,555.0,555,0.0,0.0,hold
518,455.83,455,0.83,0.18,increase
519,455.83,455,0.83,0.18,increase
520,459.23,460,-0.77,-0.17,decrease
521,463.4,465,-1.6,-0.34,decrease
522,369.27,370,-0.73,-0.2,decrease
523,369.27,370,-0.73,-0.2,decrease
524,373.37,375,-1.63,-0.44,decrease
525,365.27,365,0.27,0.07,increase
526,373.37,375,-1.63,-0.44,decrease
527,303.67,305,-1.33,-0.44,decrease
528,303.67,305,-1.33,-0.44,decrease
529,305.23,310,-4.77,-1.54,decrease
530,300.03,300,0.03,0.01,increase
531,555.0,555,0.0,0.0,hold
532,519.7,520,-0.3,-0.06,decrease
533,519.7,520,-0.3,-0.06,decrease
534,531.13,530,1.13,0.21,increase
535,534.03,535,-0.97,-0.18,decrease
536,424.13,425,-0.87,-0.2,decrease
537,424.13,425,-0.87,-0.2,decrease
538,430.43,430,0.43,0.1,increase
539,416.4,415,1.4,0.34,increase
540,430.43,430,0.43,0.1,increase
541,350.33,350,0.33,0.1,increase
542,350.33,350,0.33,0.1,increase
543,353.07,355,-1.93,-0.54,decrease
544,346.47,345,1.47,0.43,increase
545,644.07,640,4.07,0.64,increase
546,565.1,565,0.1,0.02,increase
547,565.1,565,0.1,0.02,increase
548,568.83,570,-1.17,-0.2,decrease
549,570.77,575,-4.23,-0.74,decrease
550,455.1,455,0.1,0.02,increase
551,455.1,455,0.1,0.02,increase
552,463.5,465,-1.5,-0.32,decrease
553,450.0,450,0.0,0.0,hold
554,463.5,465,-1.5,-0.32,decrease
555,375.03,375,0.03,0.01,increase
556,375.03,375,0.03,0.01,increase
557,382.0,385,-3.0,-0.78,decrease
558,372.33,370,2.33,0.63,increase
559,689.83,690,-0.17,-0.02,decrease
560,455.13,455,0.13,0.03,increase
561,455.13,455,0.13,0.03,increase
562,460.47,460,0.47,0.1,increase
563,466.7,465,1.7,0.37,increase
564,370.03,370,0.03,0.01,increase
565,370.03,370,0.03,0.01,increase
566,375.0,375,0.0,0.0,hold
567,365.13,365,0.13,0.04,increase
568,375.0,375,0.0,0.0,hold
569,305.0,305,0.0,0.0,hold
570,305.0,305,0.0,0.0,hold
571,310.0,310,0.0,0.0,hold
572,300.23,300,0.23,0.08,increase
573,555.0,555,0.0,0.0,hold
574,455.0,455,0.0,0.0,hold
575,455.0,455,0.0,0.0,hold
576,460.0,460,0.0,0.0,hold
577,465.0,465,0.0,0.0,hold
578,370.0,370,0.0,0.0,hold
579,370.0,370,0.0,0.0,hold
580,375.0,375,0.0,0.0,hold
581,365.03,365,0.03,0.01,increase
582,375.0,375,0.0,0.0,hold
583,305.0,305,0.0,0.0,hold
584,305.0,305,0.0,0.0,hold
585,310.0,310,0.0,0.0,hold
586,300.0,300,0.0,0.0,hold
587,555.0,555,0.0,0.0,hold
588,455.0,455,0.0,0.0,hold
589,455.0,455,0.0,0.0,hold
590,459.97,460,-0.03,-0.01,decrease
591,464.93,465,-0.07,-0.01,decrease
592,370.0,370,0.0,0.0,hold
593,370.0,370,0.0,0.0,hold
594,375.0,375,0.0,0.0,hold
595,365.03,365,0.03,0.01,increase
596,375.0,375,0.0,0.0,hold
597,305.0,305,0.0,0.0,hold
598,305.0,305,0.0,0.0,hold
599,310.0,310,0.0,0.0,hold
600,300.0,300,0.0,0.0,hold
601,555.0,555,0.0,0.0,hold
602,510.53,510,0.53,0.1,increase
603,510.53,510,0.53,0.1,increase
604,522.2,515,7.2,1.4,increase
605,534.33,520,14.33,2.76,increase
606,416.2,415,1.2,0.29,increase
607,416.2,415,1.2,0.29,increase
608,421.63,420,1.63,0.39,increase
609,411.07,410,1.07,0.26,increase
610,421.63,420,1.63,0.39,increase
611,341.57,340,1.57,0.46,increase
612,341.57,340,1.57,0.46,increase
613,348.23,350,-1.77,-0.5,decrease
614,340.33,335,5.33,1.59,increase
615,627.6,625,2.6,0.42,increase
616,510.33,510,0.33,0.07,increase
617,510.33,510,0.33,0.07,increase
618,515.9,515,0.9,0.17,increase
619,528.03,520,8.03,1.54,increase
620,416.03,415,1.03,0.25,increase
621,416.03,415,1.03,0.25,increase
622,419.7,420,-0.3,-0.07,decrease
623,410.93,410,0.93,0.23,increase
624,419.7,420,-0.3,-0.07,decrease
625,340.27,340,0.27,0.08,increase
626,340.27,340,0.27,0.08,increase
627,349.87,350,-0.13,-0.04,decrease
628,340.33,335,5.33,1.59,increase
629,627.6,625,2.6,0.42,increase
630,650.17,650,0.17,0.03,increase
631,650.17,650,0.17,0.03,increase
632,659.2,660,-0.8,-0.12,decrease
633,672.03,670,2.03,0.3,increase
634,530.73,530,0.73,0.14,increase
635,530.73,530,0.73,0.14,increase
636,534.67,535,-0.33,-0.06,decrease
637,518.17,520,-1.83,-0.35,decrease
638,534.67,535,-0.33,-0.06,decrease
639,435.4,435,0.4,0.09,increase
640,435.4,435,0.4,0.09,increase
641,444.37,445,-0.63,-0.14,decrease
642,427.8,430,-2.2,-0.51,decrease
643,800.33,800,0.33,0.04,increase
644,650.23,650,0.23,0.04,increase
645,650.23,650,0.23,0.04,increase
646,664.07,660,4.07,0.62,increase
647,674.27,670,4.27,0.64,increase
648,530.83,530,0.83,0.16,increase
649,530.83,530,0.83,0.16,increase
650,534.7,535,-0.3,-0.06,decrease
651,519.97,520,-0.03,-0.01,decrease
652,534.7,535,-0.3,-0.06,decrease
653,435.0,435,0.0,0.0,hold
654,435.0,435,0.0,0.0,hold
655,444.57,445,-0.43,-0.1,decrease
656,430.57,430,0.57,0.13,increase
657,801.7,800,1.7,0.21,increase
658,565.97,565,0.97,0.17,increase
659,565.97,565,0.97,0.17,increase
660,575.83,575,0.83,0.14,increase
661,585.23,580,5.23,0.9,increase
662,461.07,460,1.07,0.23,increase
663,461.07,460,1.07,0.23,increase
664,465.37,465,0.37,0.08,increase
665,456.27,455,1.27,0.28,increase
666,465.37,465,0.37,0.08,increase
667,381.43,380,1.43,0.38,increase
668,381.43,380,1.43,0.38,increase
669,386.03,385,1.03,0.27,increase
670,380.0,375,5.0,1.33,increase
671,688.5,695,-6.5,-0.94,decrease
672,566.4,565,1.4,0.25,increase
673,566.4,565,1.4,0.25,increase
674,575.63,575,0.63,0.11,increase
675,581.07,580,1.07,0.18,increase
676,460.3,460,0.3,0.07,increase
677,460.3,460,0.3,0.07,increase
678,464.93,465,-0.07,-0.01,decrease
679,453.0,455,-2.0,-0.44,decrease
680,464.93,465,-0.07,-0.01,decrease
681,380.13,380,0.13,0.04,increase
682,380.13,380,0.13,0.04,increase
683,384.37,385,-0.63,-0.16,decrease
684,376.67,375,1.67,0.44,increase
685,695.17,695,0.17,0.02,increase
686,455.0,455,0.0,0.0,hold
687,455.0,455,0.0,0.0,hold
688,459.77,460,-0.23,-0.05,decrease
689,464.9,465,-0.1,-0.02,decrease
690,370.0,370,0.0,0.0,hold
691,370.0,370,0.0,0.0,hold
692,375.0,375,0.0,0.0,hold
693,364.87,365,-0.13,-0.04,decrease
694,375.0,375,0.0,0.0,hold
695,305.0,305,0.0,0.0,hold
696,305.0,305,0.0,0.0,hold
697,310.0,310,0.0,0.0,hold
698,300.0,300,0.0,0.0,hold
699,555.0,555,0.0,0.0,hold
700,455.1,455,0.1,0.02,increase
701,455.1,455,0.1,0.02,increase
702,460.43,460,0.43,0.09,increase
703,467.1,465,2.1,0.45,increase
704,370.03,370,0.03,0.01,increase
705,370.03,370,0.03,0.01,increase
706,375.0,375,0.0,0.0,hold
707,365.13,365,0.13,0.04,increase
708,375.0,375,0.0,0.0,hold
709,305.0,305,0.0,0.0,hold
710,305.0,305,0.0,0.0,hold
711,310.0,310,0.0,0.0,hold
712,300.2,300,0.2,0.07,increase
713,555.0,555,0.0,0.0,hold
714,455.0,455,0.0,0.0,hold
715,455.0,455,0.0,0.0,hold
716,459.77,460,-0.23,-0.05,decrease
717,464.9,465,-0.1,-0.02,decrease
718,369.97,370,-0.03,-0.01,decrease
719,369.97,370,-0.03,-0.01,decrease
720,375.0,375,0.0,0.0,hold
721,364.83,365,-0.17,-0.05,decrease
722,375.0,375,0.0,0.0,hold
723,305.0,305,0.0,0.0,hold
724,305.0,305,0.0,0.0,hold
725,310.0,310,0.0,0.0,hold
726,300.0,300,0.0,0.0,hold
727,555.0,555,0.0,0.0,hold
728,520.2,520,0.2,0.04,increase
729,520.2,520,0.2,0.04,increase
730,530.63,530,0.63,0.12,increase
731,532.93,535,-2.07,-0.39,decrease
732,425.17,425,0.17,0.04,increase
733,425.17,425,0.17,0.04,increase
734,430.17,430,0.17,0.04,increase
735,414.83,415,-0.17,-0.04,decrease
736,430.17,430,0.17,0.04,increase
737,351.7,350,1.7,0.49,increase
738,351.7,350,1.7,0.49,increase
739,353.9,355,-1.1,-0.31,decrease
740,347.53,345,2.53,0.73,increase
741,636.3,640,-3.7,-0.58,decrease
742,565.47,565,0.47,0.08,increase
743,565.47,565,0.47,0.08,increase
744,569.03,570,-0.97,-0.17,decrease
745,573.07,575,-1.93,-0.34,decrease
746,453.87,455,-1.13,-0.25,decrease
747,453.87,455,-1.13,-0.25,decrease
748,464.37,465,-0.63,-0.14,decrease
749,449.23,450,-0.77,-0.17,decrease
750,464.37,465,-0.63,-0.14,decrease
751,375.27,375,0.27,0.07,increase
752,375.27,375,0.27,0.07,increase
753,383.17,385,-1.83,-0.48,decrease
754,372.37,370,2.37,0.64,increase
755,691.07,690,1.07,0.15,increase
756,455.1,455,0.1,0.02,increase
757,455.1,455,0.1,0.02,increase
758,460.37,460,0.37,0.08,increase
759,469.97,465,4.97,1.07,increase
760,370.4,370,0.4,0.11,increase
761,370.4,370,0.4,0.11,increase
762,374.93,375,-0.07,-0.02,decrease
763,365.4,365,0.4,0.11,increase
764,374.93,375,-0.07,-0.02,decrease
765,305.1,305,0.1,0.03,increase
766,305.1,305,0.1,0.03,increase
767,310.6,310,0.6,0.19,increase
768,300.4,300,0.4,0.13,increase
769,555.0,555,0.0,0.0,hold
770,455.0,455,0.0,0.0,hold
771,455.0,455,0.0,0.0,hold
772,459.97,460,-0.03,-0.01,decrease
773,464.93,465,-0.07,-0.01,decrease
774,369.97,370,-0.03,-0.01,decrease
775,369.97,370,-0.03,-0.01,decrease
776,375.0,375,0.0,0.0,hold
777,365.03,365,0.03,0.01,increase
778,375.0,375,0.0,0.0,hold
779,305.0,305,0.0,0.0,hold
780,305.0,305,0.0,0.0,hold
781,310.0,310,0.0,0.0,hold
782,300.0,300,0.0,0.0,hold
783,555.0,555,0.0,0.0,hold
784,455.0,455,0.0,0.0,hold
785,455.0,455,0.0,0.0,hold
786,459.93,460,-0.07,-0.01,decrease
787,464.87,465,-0.13,-0.03,decrease
788,369.97,370,-0.03,-0.01,decrease
789,369.97,370,-0.03,-0.01,decrease
790,374.97,375,-0.03,-0.01,decrease
791,364.93,365,-0.07,-0.02,decrease
792,374.97,375,-0.03,-0.01,decrease
793,305.0,305,0.0,0.0,hold
794,305.0,305,0.0,0.0,hold
795,310.0,310,0.0,0.0,hold
796,300.0,300,0.0,0.0,hold
797,555.0,555,0.0,0.0,hold
798,588.63,590,-1.37,-0.23,decrease
799,588.63,590,-1.37,-0.23,decrease
800,593.03,595,-1.97,-0.33,decrease
801,598.4,600,-1.6,-0.27,decrease
802,474.23,475,-0.77,-0.16,decrease
803,474.23,475,-0.77,-0.16,decrease
804,484.17,485,-0.83,-0.17,decrease
805,468.67,470,-1.33,-0.28,decrease
806,484.17,485,-0.83,-0.17,decrease
807,393.8,395,-1.2,-0.3,decrease
808,393.8,395,-1.2,-0.3,decrease
809,398.5,400,-1.5,-0.37,decrease
810,383.97,385,-1.03,-0.27,decrease
811,715.2,720,-4.8,-0.67,decrease
812,593.07,590,3.07,0.52,increase
813,593.07,590,3.07,0.52,increase
814,598.27,595,3.27,0.55,increase
815,599.73,600,-0.27,-0.04,decrease
816,475.23,475,0.23,0.05,increase
817,475.23,475,0.23,0.05,increase
818,484.93,485,-0.07,-0.01,decrease
819,470.97,470,0.97,0.21,increase
820,484.93,485,-0.07,-0.01,decrease
821,395.37,395,0.37,0.09,increase
822,395.37,395,0.37,0.09,increase
823,400.67,400,0.67,0.17,increase
824,385.23,385,0.23,0.06,increase
825,717.37,720,-2.63,-0.37,decrease
826,775.77,775,0.77,0.1,increase
827,775.77,775,0.77,0.1,increase
828,785.37,785,0.37,0.05,increase
829,790.03,795,-4.97,-0.62,decrease
830,628.63,630,-1.37,-0.22,decrease
831,628.63,630,-1.37,-0.22,decrease
832,639.0,640,-1.0,-0.16,decrease
833,617.73,620,-2.27,-0.37,decrease
834,639.0,640,-1.0,-0.16,decrease
835,519.57,520,-0.43,-0.08,decrease
836,519.57,520,-0.43,-0.08,decrease
837,528.27,530,-1.73,-0.33,decrease
838,508.2,510,-1.8,-0.35,decrease
839,936.23,950,-13.77,-1.45,decrease
840,775.27,775,0.27,0.03,increase
841,775.27,775,0.27,0.03,increase
842,781.97,785,-3.03,-0.39,decrease
843,787.27,795,-7.73,-0.97,decrease
844,629.8,630,-0.2,-0.03,decrease
845,629.8,630,-0.2,-0.03,decrease
846,637.2,640,-2.8,-0.44,decrease
847,618.73,620,-1.27,-0.2,decrease
848,637.2,640,-2.8,-0.44,decrease
849,519.87,520,-0.13,-0.03,decrease
850,519.87,520,-0.13,-0.03,decrease
851,527.83,530,-2.17,-0.41,decrease
852,508.53,510,-1.47,-0.29,decrease
853,939.73,950,-10.27,-1.08,decrease
854,675.13,675,0.13,0.02,increase
855,675.13,675,0.13,0.02,increase
856,685.63,685,0.63,0.09,increase
857,687.03,690,-2.97,-0.43,decrease
858,549.6,550,-0.4,-0.07,decrease
859,549.6,550,-0.4,-0.07,decrease
860,554.03,555,-0.97,-0.17,decrease
861,540.63,540,0.63,0.12,increase
862,554.03,555,-0.97,-0.17,decrease
863,449.37,450,-0.63,-0.14,decrease
864,449.37,450,-0.63,-0.14,decrease
865,454.6,460,-5.4,-1.17,decrease
866,446.13,445,1.13,0.25,increase
867,817.4,825,-7.6,-0.92,decrease
868,674.5,675,-0.5,-0.07,decrease
869,674.5,675,-0.5,-0.07,decrease
870,685.23,685,0.23,0.03,increase
871,688.03,690,-1.97,-0.29,decrease
872,546.07,550,-3.93,-0.72,decrease
873,546.07,550,-3.93,-0.72,decrease
874,552.8,555,-2.2,-0.4,decrease
875,538.4,540,-1.6,-0.3,decrease
876,552.8,555,-2.2,-0.4,decrease
877,449.03,450,-0.97,-0.21,decrease
878,449.03,450,-0.97,-0.21,decrease
879,456.23,460,-3.77,-0.82,decrease
880,445.5,445,0.5,0.11,increase
881,815.23,825,-9.77,-1.18,decrease
882,499.53,500,-0.47,-0.09,decrease
883,499.53,500,-0.47,-0.09,decrease
884,504.13,505,-0.87,-0.17,decrease
885,510.17,510,0.17,0.03,increase
886,404.77,405,-0.23,-0.06,decrease
887,404.77,405,-0.23,-0.06,decrease
888,409.23,410,-0.77,-0.19,decrease
889,400.33,400,0.33,0.08,increase
890,409.23,410,-0.77,-0.19,decrease
891,335.0,335,0.0,0.0,hold
892,335.0,335,0.0,0.0,hold
893,339.9,340,-0.1,-0.03,decrease
894,330.13,330,0.13,0.04,increase
895,610.6,610,0.6,0.1,increase
896,500.0,500,0.0,0.0,hold
897,500.0,500,0.0,0.0,hold
898,505.13,505,0.13,0.03,increase
899,510.43,510,0.43,0.08,increase
900,405.0,405,0.0,0.0,hold
901,405.0,405,0.0,0.0,hold
902,410.83,410,0.83,0.2,increase
903,400.23,400,0.23,0.06,increase
904,410.83,410,0.83,0.2,increase
905,335.0,335,0.0,0.0,hold
906,335.0,335,0.0,0.0,hold
907,340.0,340,0.0,0.0,hold
908,330.13,330,0.13,0.04,increase
909,610.0,610,0.0,0.0,hold
910,500.0,500,0.0,0.0,hold
911,500.0,500,0.0,0.0,hold
912,505.0,505,0.0,0.0,hold
913,510.27,510,0.27,0.05,increase
914,405.0,405,0.0,0.0,hold
915,405.0,405,0.0,0.0,hold
916,410.0,410,0.0,0.0,hold
917,400.13,400,0.13,0.03,increase
918,410.0,410,0.0,0.0,hold
919,335.0,335,0.0,0.0,hold
920,335.0,335,0.0,0.0,hold
921,340.0,340,0.0,0.0,hold
922,330.03,330,0.03,0.01,increase
923,610.0,610,0.0,0.0,hold
924,574.3,575,-0.7,-0.12,decrease
925,574.3,575,-0.7,-0.12,decrease
926,579.4,580,-0.6,-0.1,decrease
927,588.63,590,-1.37,-0.23,decrease
928,464.23,465,-0.77,-0.16,decrease
929,464.23,465,-0.77,-0.16,decrease
930,474.33,475,-0.67,-0.14,decrease
931,431.9,460,-28.1,-6.11,decrease
932,474.33,475,-0.67,-0.14,decrease
933,383.87,385,-1.13,-0.29,decrease
934,383.87,385,-1.13,-0.29,decrease
935,387.57,390,-2.43,-0.62,decrease
936,382.37,380,2.37,0.62,increase
937,707.83,705,2.83,0.4,increase
938,618.73,620,-1.27,-0.2,decrease
939,618.73,620,-1.27,-0.2,decrease
940,628.57,630,-1.43,-0.23,decrease
941,633.47,635,-1.53,-0.24,decrease
942,504.73,505,-0.27,-0.05,decrease
943,504.73,505,-0.27,-0.05,decrease
944,509.77,510,-0.23,-0.05,decrease
945,500.33,495,5.33,1.08,increase
946,509.77,510,-0.23,-0.05,decrease
947,414.27,415,-0.73,-0.18,decrease
948,414.27,415,-0.73,-0.18,decrease
949,425.67,425,0.67,0.16,increase
950,411.13,410,1.13,0.28,increase
951,765.5,760,5.5,0.72,increase
952,500.0,500,0.0,0.0,hold
953,500.0,500,0.0,0.0,hold
954,505.0,505,0.0,0.0,hold
955,510.27,510,0.27,0.05,increase
956,405.0,405,0.0,0.0,hold
957,405.0,405,0.0,0.0,hold
958,410.0,410,0.0,0.0,hold
959,400.13,400,0.13,0.03,increase
960,410.0,410,0.0,0.0,hold
961,335.0,335,0.0,0.0,hold
962,335.0,335,0.0,0.0,hold
963,340.0,340,0.0,0.0,hold
964,330.03,330,0.03,0.01,increase
965,610.0,610,0.0,0.0,hold
966,500.0,500,0.0,0.0,hold
967,500.0,500,0.0,0.0,hold
968,505.13,505,0.13,0.03,increase
969,510.4,510,0.4,0.08,increase
970,405.0,405,0.0,0.0,hold
971,405.0,405,0.0,0.0,hold
972,411.1,410,1.1,0.27,increase
973,400.23,400,0.23,0.06,increase
974,411.1,410,1.1,0.27,increase
975,335.0,335,0.0,0.0,hold
976,335.0,335,0.0,0.0,hold
977,340.0,340,0.0,0.0,hold
978,330.13,330,0.13,0.04,increase
979,610.0,610,0.0,0.0,hold
980,500.0,500,0.0,0.0,hold
981,500.0,500,0.0,0.0,hold
982,505.03,505,0.03,0.01,increase
983,510.73,510,0.73,0.14,increase
984,405.0,405,0.0,0.0,hold
985,405.0,405,0.0,0.0,hold
986,410.0,410,0.0,0.0,hold
987,400.07,400,0.07,0.02,increase
988,410.0,410,0.0,0.0,hold
989,335.0,335,0.0,0.0,hold
990,335.0,335,0.0,0.0,hold
991,340.0,340,0.0,0.0,hold
992,330.03,330,0.03,0.01,increase
993,610.0,610,0.0,0.0,hold
994,575.63,575,0.63,0.11,increase
995,575.63,575,0.63,0.11,increase
996,576.6,580,-3.4,-0.59,decrease
997,588.23,590,-1.77,-0.3,decrease
998,463.67,465,-1.33,-0.29,decrease
999,463.67,465,-1.33,-0.29,decrease
1000,474.03,475,-0.97,-0.2,decrease
1001,461.27,460,1.27,0.28,increase
1002,474.03,475,-0.97,-0.2,decrease
1003,384.87,385,-0.13,-0.03,decrease
1004,384.87,385,-0.13,-0.03,decrease
1005,388.87,390,-1.13,-0.29,decrease
1006,383.9,380,3.9,1.03,increase
1007,705.6,705,0.6,0.09,increase
1008,575.57,575,0.57,0.1,increase
1009,575.57,575,0.57,0.1,increase
1010,580.83,580,0.83,0.14,increase
1011,589.0,590,-1.0,-0.17,decrease
1012,465.43,465,0.43,0.09,increase
1013,465.43,465,0.43,0.09,increase
1014,474.3,475,-0.7,-0.15,decrease
1015,458.93,460,-1.07,-0.23,decrease
1016,474.3,475,-0.7,-0.15,decrease
1017,385.7,385,0.7,0.18,increase
1018,385.7,385,0.7,0.18,increase
1019,390.07,390,0.07,0.02,increase
1020,380.53,380,0.53,0.14,increase
1021,705.67,705,0.67,0.09,increase
1022,687.67,690,-2.33,-0.34,decrease
1023,687.67,690,-2.33,-0.34,decrease
1024,699.1,700,-0.9,-0.13,decrease
1025,703.63,705,-1.37,-0.19,decrease
1026,558.4,560,-1.6,-0.29,decrease
1027,558.4,560,-1.6,-0.29,decrease
1028,569.5,570,-0.5,-0.09,decrease
1029,521.03,550,-28.97,-5.27,decrease
1030,569.5,570,-0.5,-0.09,decrease
1031,459.23,460,-0.77,-0.17,decrease
1032,459.23,460,-0.77,-0.17,decrease
1033,469.67,470,-0.33,-0.07,decrease
1034,452.63,455,-2.37,-0.52,decrease
1035,840.13,845,-4.87,-0.58,decrease
1036,750.67,750,0.67,0.09,increase
1037,750.67,750,0.67,0.09,increase
1038,752.73,755,-2.27,-0.3,decrease
1039,767.77,765,2.77,0.36,increase
1040,605.97,605,0.97,0.16,increase
1041,605.97,605,0.97,0.16,increase
1042,616.73,615,1.73,0.28,increase
1043,601.83,600,1.83,0.31,increase
1044,616.73,615,1.73,0.28,increase
1045,500.07,500,0.07,0.01,increase
1046,500.07,500,0.07,0.01,increase
1047,516.0,510,6.0,1.18,increase
1048,491.87,490,1.87,0.38,increase
1049,913.07,915,-1.93,-0.21,decrease
1050,650.07,650,0.07,0.01,increase
1051,650.07,650,0.07,0.01,increase
1052,660.57,660,0.57,0.09,increase
1053,664.93,665,-0.07,-0.01,decrease
1054,530.0,530,0.0,0.0,hold
1055,530.0,530,0.0,0.0,hold
1056,535.0,535,0.0,0.0,hold
1057,519.63,520,-0.37,-0.07,decrease
1058,535.0,535,0.0,0.0,hold
1059,435.1,435,0.1,0.02,increase
1060,435.1,435,0.1,0.02,increase
1061,445.7,445,0.7,0.16,increase
1062,430.87,430,0.87,0.2,increase
1063,794.83,795,-0.17,-0.02,decrease
1064,650.0,650,0.0,0.0,hold
1065,650.0,650,0.0,0.0,hold
1066,659.63,660,-0.37,-0.06,decrease
1067,664.87,665,-0.13,-0.02,decrease
1068,530.1,530,0.1,0.02,increase
1069,530.1,530,0.1,0.02,increase
1070,534.97,535,-0.03,-0.01,decrease
1071,519.63,520,-0.37,-0.07,decrease
1072,534.97,535,-0.03,-0.01,decrease
1073,435.1,435,0.1,0.02,increase
1074,435.1,435,0.1,0.02,increase
1075,444.6,445,-0.4,-0.09,decrease
1076,430.2,430,0.2,0.05,increase
1077,794.63,795,-0.37,-0.05,decrease
1078,635.23,650,-14.77,-2.27,decrease
1079,635.23,650,-14.77,-2.27,decrease
1080,658.7,660,-1.3,-0.2,decrease
1081,663.6,665,-1.4,-0.21,decrease
1082,529.87,530,-0.13,-0.03,decrease
1083,529.87,530,-0.13,-0.03,decrease
1084,534.47,535,-0.53,-0.1,decrease
1085,519.9,520,-0.1,-0.02,decrease
1086,534.47,535,-0.53,-0.1,decrease
1087,434.4,435,-0.6,-0.14,decrease
1088,434.4,435,-0.6,-0.14,decrease
1089,443.9,445,-1.1,-0.25,decrease
1090,427.43,430,-2.57,-0.6,decrease
1091,792.87,795,-2.13,-0.27,decrease
1092,650.07,650,0.07,0.01,increase
1093,650.07,650,0.07,0.01,increase
1094,660.4,660,0.4,0.06,increase
1095,665.07,665,0.07,0.01,increase
1096,530.2,530,0.2,0.04,increase
1097,530.2,530,0.2,0.04,increase
1098,535.07,535,0.07,0.01,increase
1099,519.7,520,-0.3,-0.06,decrease
1100,535.07,535,0.07,0.01,increase
1101,435.07,435,0.07,0.02,increase
1102,435.07,435,0.07,0.02,increase
1103,445.4,445,0.4,0.09,increase
1104,430.87,430,0.87,0.2,increase
1105,794.63,795,-0.37,-0.05,decrease
1106,650.0,650,0.0,0.0,hold
1107,650.0,650,0.0,0.0,hold
1108,659.83,660,-0.17,-0.03,decrease
1109,664.93,665,-0.07,-0.01,decrease
1110,530.07,530,0.07,0.01,increase
1111,530.07,530,0.07,0.01,increase
1112,534.97,535,-0.03,-0.01,decrease
1113,519.1,520,-0.9,-0.17,decrease
1114,534.97,535,-0.03,-0.01,decrease
1115,435.0,435,0.0,0.0,hold
1116,435.0,435,0.0,0.0,hold
1117,445.4,445,0.4,0.09,increase
1118,430.87,430,0.87,0.2,increase
1119,794.63,795,-0.37,-0.05,decrease
1120,750.8,750,0.8,0.11,increase
1121,750.8,750,0.8,0.11,increase
1122,753.47,755,-1.53,-0.2,decrease
1123,767.77,765,2.77,0.36,increase
1124,604.63,605,-0.37,-0.06,decrease
1125,604.63,605,-0.37,-0.06,decrease
1126,614.93,615,-0.07,-0.01,decrease
1127,604.2,600,4.2,0.7,increase
1128,614.93,615,-0.07,-0.01,decrease
1129,500.2,500,0.2,0.04,increase
1130,500.2,500,0.2,0.04,increase
1131,512.77,510,2.77,0.54,increase
1132,490.87,490,0.87,0.18,increase
1133,910.3,915,-4.7,-0.51,decrease
1134,748.97,750,-1.03,-0.14,decrease
1135,748.97,750,-1.03,-0.14,decrease
1136,752.87,755,-2.13,-0.28,decrease
1137,758.3,765,-6.7,-0.88,decrease
1138,604.13,605,-0.87,-0.14,decrease
1139,604.13,605,-0.87,-0.14,decrease
1140,614.63,615,-0.37,-0.06,decrease
1141,600.37,600,0.37,0.06,increase
1142,614.63,615,-0.37,-0.06,decrease
1143,500.07,500,0.07,0.01,increase
1144,500.07,500,0.07,0.01,increase
1145,512.93,510,2.93,0.58,increase
1146,491.1,490,1.1,0.22,increase
1147,907.03,915,-7.97,-0.87,decrease
1148,650.0,650,0.0,0.0,hold
1149,650.0,650,0.0,0.0,hold
1150,659.5,660,-0.5,-0.08,decrease
1151,664.9,665,-0.1,-0.02,decrease
1152,530.1,530,0.1,0.02,increase
1153,530.1,530,0.1,0.02,increase
1154,534.93,535,-0.07,-0.01,decrease
1155,519.47,520,-0.53,-0.1,decrease
1156,534.93,535,-0.07,-0.01,decrease
1157,434.97,435,-0.03,-0.01,decrease
1158,434.97,435,-0.03,-0.01,decrease
1159,444.87,445,-0.13,-0.03,decrease
1160,430.03,430,0.03,0.01,increase
1161,794.83,795,-0.17,-0.02,decrease
1162,650.07,650,0.07,0.01,increase
1163,650.07,650,0.07,0.01,increase
1164,660.27,660,0.27,0.04,increase
1165,665.07,665,0.07,0.01,increase
1166,530.2,530,0.2,0.04,increase
1167,530.2,530,0.2,0.04,increase
1168,535.07,535,0.07,0.01,increase
1169,519.73,520,-0.27,-0.05,decrease
1170,535.07,535,0.07,0.01,increase
1171,434.97,435,-0.03,-0.01,decrease
1172,434.97,435,-0.03,-0.01,decrease
1173,446.0,445,1.0,0.22,increase
1174,430.57,430,0.57,0.13,increase
1175,794.83,795,-0.17,-0.02,decrease
1176,500.0,500,0.0,0.0,hold
1177,500.0,500,0.0,0.0,hold
1178,505.07,505,0.07,0.01,increase
1179,511.17,510,1.17,0.23,increase
1180,405.0,405,0.0,0.0,hold
1181,405.0,405,0.0,0.0,hold
1182,410.0,410,0.0,0.0,hold
1183,400.07,400,0.07,0.02,increase
1184,410.0,410,0.0,0.0,hold
1185,335.0,335,0.0,0.0,hold
1186,335.0,335,0.0,0.0,hold
1187,340.0,340,0.0,0.0,hold
1188,330.03,330,0.03,0.01,increase
1189,610.0,610,0.0,0.0,hold
1190,500.0,500,0.0,0.0,hold
1191,500.0,500,0.0,0.0,hold
1192,505.03,505,0.03,0.01,increase
1193,510.7,510,0.7,0.14,increase
1194,404.93,405,-0.07,-0.02,decrease
1195,404.93,405,-0.07,-0.02,decrease
1196,410.0,410,0.0,0.0,hold
1197,400.07,400,0.07,0.02,increase
1198,410.0,410,0.0,0.0,hold
1199,335.0,335,0.0,0.0,hold
1200,335.0,335,0.0,0.0,hold
1201,340.0,340,0.0,0.0,hold
1202,330.03,330,0.03,0.01,increase
1203,610.0,610,0.0,0.0,hold
1204,502.0,500,2.0,0.4,increase
1205,502.0,500,2.0,0.4,increase
1206,507.03,505,2.03,0.4,increase
1207,510.4,510,0.4,0.08,increase
1208,405.0,405,0.0,0.0,hold
1209,405.0,405,0.0,0.0,hold
1210,413.3,410,3.3,0.8,increase
1211,401.47,400,1.47,0.37,increase
1212,413.3,410,3.3,0.8,increase
1213,335.17,335,0.17,0.05,increase
1214,335.17,335,0.17,0.05,increase
1215,340.0,340,0.0,0.0,hold
1216,330.53,330,0.53,0.16,increase
1217,610.3,610,0.3,0.05,increase
1218,688.33,690,-1.67,-0.24,decrease
1219,688.33,690,-1.67,-0.24,decrease
1220,702.03,700,2.03,0.29,increase
1221,704.43,705,-0.57,-0.08,decrease
1222,558.57,560,-1.43,-0.26,decrease
1223,558.57,560,-1.43,-0.26,decrease
1224,570.4,570,0.4,0.07,increase
1225,521.17,550,-28.83,-5.24,decrease
1226,570.4,570,0.4,0.07,increase
1227,459.3,460,-0.7,-0.15,decrease
1228,459.3,460,-0.7,-0.15,decrease
1229,469.43,470,-0.57,-0.12,decrease
1230,451.17,455,-3.83,-0.84,decrease
1231,842.13,845,-2.87,-0.34,decrease
1232,561.1,560,1.1,0.2,increase
1233,561.1,560,1.1,0.2,increase
1234,567.23,565,2.23,0.4,increase
1235,568.67,570,-1.33,-0.23,decrease
1236,455.67,455,0.67,0.15,increase
1237,455.67,455,0.67,0.15,increase
1238,459.47,460,-0.53,-0.12,decrease
1239,448.23,445,3.23,0.73,increase
1240,459.47,460,-0.53,-0.12,decrease
1241,375.63,375,0.63,0.17,increase
1242,375.63,375,0.63,0.17,increase
1243,381.0,380,1.0,0.26,increase
1244,367.83,365,2.83,0.78,increase
1245,689.0,685,4.0,0.58,increase
1246,455.23,450,5.23,1.16,increase
1247,455.23,450,5.23,1.16,increase
1248,456.87,455,1.87,0.41,increase
1249,463.33,460,3.33,0.72,increase
1250,366.13,365,1.13,0.31,increase
1251,366.13,365,1.13,0.31,increase
1252,370.53,370,0.53,0.14,increase
1253,364.8,360,4.8,1.33,increase
1254,370.53,370,0.53,0.14,increase
1255,301.8,300,1.8,0.6,increase
1256,301.8,300,1.8,0.6,increase
1257,309.97,305,4.97,1.63,increase
1258,297.03,295,2.03,0.69,increase
1259,552.1,550,2.1,0.38,increase
